CategoryID,ImagePath,DisplayText,Description
WeaponsAmmo,Icons/Crafting/icon_crafting_category_weaponsAndArmors,@CategoryData_WeaponsAmmo,
Apparel,Icons/Crafting/icon_crafting_category_apparel,@CategoryData_Apparel,
Utilities,Icons/Crafting/icon_crafting_category_utilities,@CategoryData_Utilities,
Resources,Icons/Crafting/icon_crafting_category_resources,@CategoryData_Resources,
Furnishings,Icons/Crafting/icon_crafting_category_furnishings,@CategoryData_Furnishings,
MeleeWeapons,Icons/Items/Drawing/placeholder,@CategoryData_MeleeWeapons,
RangedWeapons,Icons/Items/Drawing/placeholder,@CategoryData_RangedWeapons,
Ingredient,Icons/Items/Drawing/placeholder,@CategoryData_Ingredient,
Set1,Icons/items/Drawing/Set1,@CategoryData_Set1,
Set2,Icons/items/Drawing/Set2,@CategoryData_Set2,
Set3,Icons/items/Drawing/Set3,@CategoryData_Set3,
Set4,Icons/items/Drawing/Set4,@CategoryData_Set4,
Set5,Icons/items/Drawing/Set5,@CategoryData_Set5,
Set6,Icons/items/Drawing/Set6,@CategoryData_Set6,
Set7,Icons/items/Drawing/Set7,@CategoryData_Set7,
Set8,Icons/items/Drawing/Set8,@CategoryData_Set8,
Set9,Icons/items/Drawing/Set9,@CategoryData_Set9,
Set10,Icons/items/Drawing/Set10,@CategoryData_Set10,
Set11,Icons/items/Drawing/Set11,@CategoryData_Set11,
Set12,Icons/items/Drawing/Set12,@CategoryData_Set12,
Set1Head,Icons/items/Drawing/HeavyHeadA,@Set1Head_GroupName,@Set1Head_GroupDesc
Set1Chest,Icons/items/Drawing/HeavyChestA,@Set1Chest_GroupName,@Set1Chest_GroupDesc
Set1Hands,Icons/items/Drawing/HeavyHandsA,@Set1Hands_GroupName,@Set1Hands_GroupDesc
Set1Legs,Icons/items/Drawing/HeavyLegsA,@Set1Legs_GroupName,@Set1Legs_GroupDesc
Set1Feet,Icons/items/Drawing/HeavyFeetA,@Set1Feet_GroupName,@Set1Feet_GroupDesc
Set2Head,Icons/items/Drawing/HeavyHeadB,@Set2Head_GroupName,@Set2Head_GroupDesc
Set2Chest,Icons/items/Drawing/HeavyChestB,@Set2Chest_GroupName,@Set2Chest_GroupDesc
Set2Hands,Icons/items/Drawing/HeavyHandsB,@Set2Hands_GroupName,@Set2Hands_GroupDesc
Set2Legs,Icons/items/Drawing/HeavyLegsB,@Set2Legs_GroupName,@Set2Legs_GroupDesc
Set2Feet,Icons/items/Drawing/HeavyFeetB,@Set2Feet_GroupName,@Set2Feet_GroupDesc
Set3Head,Icons/items/Drawing/HeavyHeadC,@Set3Head_GroupName,@Set3Head_GroupDesc
Set3Chest,Icons/items/Drawing/HeavyChestC,@Set3Chest_GroupName,@Set3Chest_GroupDesc
Set3Hands,Icons/items/Drawing/HeavyHandsC,@Set3Hands_GroupName,@Set3Hands_GroupDesc
Set3Legs,Icons/items/Drawing/HeavyLegsC,@Set3Legs_GroupName,@Set3Legs_GroupDesc
Set3Feet,Icons/items/Drawing/HeavyFeetC,@Set3Feet_GroupName,@Set3Feet_GroupDesc
Set4Head,Icons/items/Drawing/HeavyHeadD,@Set4Head_GroupName,@Set4Head_GroupDesc
Set4Chest,Icons/items/Drawing/HeavyChestD,@Set4Chest_GroupName,@Set4Chest_GroupDesc
Set4Hands,Icons/items/Drawing/HeavyHandsD,@Set4Hands_GroupName,@Set4Hands_GroupDesc
Set4Legs,Icons/items/Drawing/HeavyLegsD,@Set4Legs_GroupName,@Set4Legs_GroupDesc
Set4Feet,Icons/items/Drawing/HeavyFeetD,@Set4Feet_GroupName,@Set4Feet_GroupDesc
Set5Head,Icons/items/Drawing/MediumHeadA,@Set5Head_GroupName,@Set5Head_GroupDesc
Set5Chest,Icons/items/Drawing/MediumChestA,@Set5Chest_GroupName,@Set5Chest_GroupDesc
Set5Hands,Icons/items/Drawing/MediumHandsA,@Set5Hands_GroupName,@Set5Hands_GroupDesc
Set5Legs,Icons/items/Drawing/MediumLegsA,@Set5Legs_GroupName,@Set5Legs_GroupDesc
Set5Feet,Icons/items/Drawing/MediumFeetA,@Set5Feet_GroupName,@Set5Feet_GroupDesc
Set6Head,Icons/items/Drawing/MediumHeadB,@Set6Head_GroupName,@Set6Head_GroupDesc
Set6Chest,Icons/items/Drawing/MediumChestB,@Set6Chest_GroupName,@Set6Chest_GroupDesc
Set6Hands,Icons/items/Drawing/MediumHandsB,@Set6Hands_GroupName,@Set6Hands_GroupDesc
Set6Legs,Icons/items/Drawing/MediumLegsB,@Set6Legs_GroupName,@Set6Legs_GroupDesc
Set6Feet,Icons/items/Drawing/MediumFeetB,@Set6Feet_GroupName,@Set6Feet_GroupDesc
Set7Head,Icons/items/Drawing/MediumHeadC,@Set7Head_GroupName,@Set7Head_GroupDesc
Set7Chest,Icons/items/Drawing/MediumChestC,@Set7Chest_GroupName,@Set7Chest_GroupDesc
Set7Hands,Icons/items/Drawing/MediumHandsC,@Set7Hands_GroupName,@Set7Hands_GroupDesc
Set7Legs,Icons/items/Drawing/MediumLegsC,@Set7Legs_GroupName,@Set7Legs_GroupDesc
Set7Feet,Icons/items/Drawing/MediumFeetC,@Set7Feet_GroupName,@Set7Feet_GroupDesc
Set8Head,Icons/items/Drawing/MediumHeadD,@Set8Head_GroupName,@Set8Head_GroupDesc
Set8Chest,Icons/items/Drawing/MediumChestD,@Set8Chest_GroupName,@Set8Chest_GroupDesc
Set8Hands,Icons/items/Drawing/MediumHandsD,@Set8Hands_GroupName,@Set8Hands_GroupDesc
Set8Legs,Icons/items/Drawing/MediumLegsD,@Set8Legs_GroupName,@Set8Legs_GroupDesc
Set8Feet,Icons/items/Drawing/MediumFeetD,@Set8Feet_GroupName,@Set8Feet_GroupDesc
Set9Head,Icons/items/Drawing/LightHeadA,@Set9Head_GroupName,@Set9Head_GroupDesc
Set9Chest,Icons/items/Drawing/LightChestA,@Set9Chest_GroupName,@Set9Chest_GroupDesc
Set9Hands,Icons/items/Drawing/LightHandsA,@Set9Hands_GroupName,@Set9Hands_GroupDesc
Set9Legs,Icons/items/Drawing/LightLegsA,@Set9Legs_GroupName,@Set9Legs_GroupDesc
Set9Feet,Icons/items/Drawing/LightFeetA,@Set9Feet_GroupName,@Set9Feet_GroupDesc
Set10Head,Icons/items/Drawing/LightHeadB,@Set10Head_GroupName,@Set10Head_GroupDesc
Set10Chest,Icons/items/Drawing/LightChestB,@Set10Chest_GroupName,@Set10Chest_GroupDesc
Set10Hands,Icons/items/Drawing/LightHandsB,@Set10Hands_GroupName,@Set10Hands_GroupDesc
Set10Legs,Icons/items/Drawing/LightLegsB,@Set10Legs_GroupName,@Set10Legs_GroupDesc
Set10Feet,Icons/items/Drawing/LightFeetB,@Set10Feet_GroupName,@Set10Feet_GroupDesc
Set11Head,Icons/items/Drawing/LightHeadC,@Set11Head_GroupName,@Set11Head_GroupDesc
Set11Chest,Icons/items/Drawing/LightChestC,@Set11Chest_GroupName,@Set11Chest_GroupDesc
Set11Hands,Icons/items/Drawing/LightHandsC,@Set11Hands_GroupName,@Set11Hands_GroupDesc
Set11Legs,Icons/items/Drawing/LightLegsC,@Set11Legs_GroupName,@Set11Legs_GroupDesc
Set11Feet,Icons/items/Drawing/LightFeetC,@Set11Feet_GroupName,@Set11Feet_GroupDesc
Set12Head,Icons/items/Drawing/LightHeadD,@Set12Head_GroupName,@Set12Head_GroupDesc
Set12Chest,Icons/items/Drawing/LightChestD,@Set12Chest_GroupName,@Set12Chest_GroupDesc
Set12Hands,Icons/items/Drawing/LightHandsD,@Set12Hands_GroupName,@Set12Hands_GroupDesc
Set12Legs,Icons/items/Drawing/LightLegsD,@Set12Legs_GroupName,@Set12Legs_GroupDesc
Set12Feet,Icons/items/Drawing/LightFeetD,@Set12Feet_GroupName,@Set12Feet_GroupDesc
TrinketA,Icons/items/Drawing/trinketA,@TrinketA_GroupName,@TrinketAT2_Description
TrinketB,Icons/items/Drawing/trinketB,@TrinketB_GroupName,@TrinketBT2_Description
TrinketC,Icons/items/Drawing/trinketC,@TrinketC_GroupName,@TrinketCT2_Description
TrinketD,Icons/items/Drawing/trinketD,@TrinketD_GroupName,@TrinketDT2_Description
TrinketE,Icons/items/Drawing/trinketE,@TrinketE_GroupName,@TrinketET2_Description
TrinketF,Icons/items/Drawing/trinketF,@TrinketF_GroupName,@TrinketFT2_Description
TrinketG,Icons/items/Drawing/trinketG,@TrinketG_GroupName,@TrinketGT2_Description
TrinketH,Icons/items/Drawing/trinketH,@TrinketH_GroupName,@TrinketHT2_Description
TrinketI,Icons/items/Drawing/trinketI,@TrinketI_GroupName,@TrinketIT2_Description
TrinketJ,Icons/items/Drawing/trinketJ,@TrinketJ_GroupName,@TrinketJT2_Description
TrinketK,Icons/items/Drawing/trinketK,@TrinketK_GroupName,@TrinketKT2_Description
TrinketL,Icons/items/Drawing/trinketL,@TrinketL_GroupName,@TrinketLT2_Description
TrinketM,Icons/items/Drawing/trinketM,@TrinketM_GroupName,@TrinketMT2_Description
TrinketN,Icons/items/Drawing/trinketN,@TrinketN_GroupName,@TrinketNT2_Description
TrinketO,Icons/items/Drawing/trinketO,@TrinketO_GroupName,@TrinketOT2_Description
TrinketP,Icons/items/Drawing/trinketP,@TrinketP_GroupName,@TrinketPT2_Description
TrinketQ,Icons/items/Drawing/trinketQ,@TrinketQ_GroupName,@TrinketQT2_Description
TrinketR,Icons/items/Drawing/trinketL,@TrinketR_GroupName,@TrinketRT2_Description
BagA,Icons/Items/Drawing/bagA,@BagA_GroupName,@BagA_GroupDesc
BagB,Icons/Items/Drawing/bagB,@BagB_GroupName,@BagB_GroupDesc
ToolHatchet,Icons/Items/Drawing/ToolHatchet,@ToolHatchet_GroupName,@ToolHatchet_GroupDesc
HatchetA,Icons/Items/Drawing/1hHatchet,@HatchetA_GroupName,@1hHatchet_GroupDesc
Knife,Icons/Items/Drawing/1hSkinningKnife,@Knife_GroupName,@1hSkinningKnife_GroupDesc
Sickle,Icons/Items/Drawing/1hSickle,@Sickle_GroupName,@1hSickle_GroupDesc
2hAxe,Icons/Items/Drawing/2hAxe,@2hAxe_GroupName,@2hAxe_GroupDesc
1hPick,Icons/Items/Drawing/1hPick,@1hPick_GroupName,@1hPick_GroupDesc
2hPick,Icons/Items/Drawing/2hPick,@2hPick_GroupName,@2hPick_GroupDesc
SwordA,Icons/Items/Drawing/1hSword,@SwordA_GroupName,@SwordA_GroupDesc
SwordB,Icons/Items/Drawing/1hRapier,@SwordB_GroupName,@SwordB_GroupDesc
SwordC,Icons/Items/Drawing/1hSwordC,@SwordC_GroupName,@SwordC_GroupDesc
SwordD,Icons/Items/Drawing/1hSwordD,@SwordD_GroupName,@SwordD_GroupDesc
GreatAxe,Icons/Items/Drawing/2hGreatAxe,@GreatAxe_GroupName,@Greataxe_GroupDesc
1hClub,Icons/Items/Drawing/1hClub,@1hClub_GroupName,@1hClub_GroupDesc
2hClub,Icons/Items/Drawing/2hClub,@2hClub_GroupName,@2hClub_GroupDesc
SpearA,Icons/Items/Drawing/bowA,@SpearA_GroupName,@SpearA_GroupDesc
SpearB,Icons/Items/Drawing/spearB,@SpearB_GroupName,@SpearB_GroupDesc
BowA,Icons/Items/Drawing/bowA,@BowA_GroupName,@BowA_GroupDesc
BowB,Icons/Items/Drawing/bowB,@BowB_GroupName,@BowB_GroupDesc
MusketA,Icons/Items/Drawing/2hMusketA,@MusketA_GroupName,@MusketA_GroupDesc
PistolA,Icons/Items/Drawing/1hPistol,@PistolA_GroupName,@PistolA_GroupDesc
ShieldA,Icons/Items/Drawing/1hShieldA,@ShieldA_GroupName,@ShieldA_GroupDesc
ShieldB,Icons/Items/Drawing/1hShieldB,@ShieldB_GroupName,@ShieldB_GroupDesc
ShieldC,Icons/Items/Drawing/1hShieldC,@ShieldC_GroupName,@ShieldC_GroupDesc
ShieldD,Icons/Items/Drawing/1hShieldD,@ShieldD_GroupName,@ShieldD_GroupDesc
ArrowA,Icons/Items/Drawing/arrowA,@ArrowA_GroupName,@ArrowA_GroupDesc
ArrowB,Icons/Items/Drawing/arrowB,@ArrowB_GroupName,@ArrowB_GroupDesc
BulletA,Icons/Items/Drawing/shot,@BulletA_GroupName,@BulletA_GroupDesc
Ammunition,Icons/Crafting/icon_crafting_category_resources,@CategoryData_Ammunition,
FishingPole,Icons/Items/Drawing/2hFishingPole,@FishingPole_GroupName,@FishingPole_GroupDesc
2hDemoHammer,Icons/Items/Drawing/2hDemoHammer,@SiegeHammer_GroupName,@2hDemoHammer_GroupDesc
Warhammer,Icons/Items/Drawing/2hDemoHammer,@Warhammer_GroupName,@Warhammer_GroupDesc
Imbue,Icons/Items/Drawing/placeholder_square,@CategoryData_Imbue,@CategoryData_ImbueDesc
Potion,Icons/Items/Drawing/placeholder_square,@CategoryData_Potion,@CategoryData_PotionDesc
Gauntlets,Icons/Items/Drawing/placeholder_square,@CategoryData_Gauntlets,@CategoryData_GauntletsDesc
Alkahest,Icons/Items/Drawing/placeholder_square,@CategoryData_Alkahest,@CategoryData_AlkahestDesc
Meal,items/meal1t2,@CategoryData_Meal,
Drink,items/drink1t2,@CategoryData_Drink,
Feast,items/feast1t5,,
Shields,Icons/Items/Drawing/placeholder,@CategoryData_Shields,
WearableTrinkets,Icons/Crafting/icon_crafting_category_trinkets,@CategoryData_WearableTrinkets,
CoreTrinkets,items/TrinketAt2,@CategoryData_CoreTrinkets,
RefinedMaterial,Icons/Items/Drawing/placeholder_square,@CategoryData_RefinedMaterial,
GatheringTools,Icons/Items/Drawing/placeholder_square,@CategoryData_GatheringTools,
SiegeTools,Icons/Items/Drawing/placeholder_square,@CategoryData_SiegeTools,
PotionHealth,Icons/Items/Drawing/potionHealth,@PotionHealth_GroupName,@PotionHealth_GroupDesc
PotionHealthB,Icons/Items/Drawing/potionHealth,@PotionHealthB_GroupName,@PotionHealthB_GroupDesc
PotionMana,Icons/Items/Drawing/potionMana,@PotionMana_GroupName,@PotionMana_GroupDesc
PotionPurify,Icons/Items/Drawing/potionPurify,@PotionPurify_GroupName,@PotionPurify_GroupDesc
PotionPurifyB,Icons/Items/Drawing/potionPurify,@PotionPurifyB_GroupName,@PotionPurify_GroupDesc
PotionAntidote,Icons/Items/Drawing/potionAntidote,@PotionAntidote_GroupName,@PotionAntidote_GroupDesc
PotionAntidoteB,Icons/Items/Drawing/potionAntidote,@PotionAntidoteB_GroupName,@PotionAntidote_GroupDesc
PotionWellness,Icons/Items/Drawing/potionWellness,@PotionWellness_GroupName,@PotionWellness_GroupDesc
PotionWellnessB,Icons/Items/Drawing/potionWellness,@PotionWellnessB_GroupName,@PotionWellness_GroupDesc
PotionClotting,Icons/Items/Drawing/potionClotting,@PotionClotting_GroupName,@PotionClotting_GroupDesc
PotionWarming,Icons/Items/Drawing/potionWarming,@PotionWarming_GroupName,@PotionWarming_GroupDesc
PotionWarmingB,Icons/Items/Drawing/potionWarming,@PotionWarmingB_GroupName,@PotionWarming_GroupDesc
PotionRegen,Icons/Items/Drawing/potionRegen,@PotionRegen_GroupName,@PotionRegen_GroupDesc
PotionEndurance,Icons/Items/Drawing/potionEndurance,@PotionEndurance_GroupName,@PotionEndurance_GroupDesc
PotionFocus,Icons/Items/Drawing/potionFocus,@PotionFocus_GroupName,@PotionFocus_GroupDesc
PotionStalwart,Icons/Items/Drawing/potionStalwart,@PotionStalwart_GroupName,@PotionStalwart_GroupDesc
PotionEncumbrance,Icons/Items/Drawing/potionEncumbrance,@PotionEncumbrance_GroupName,@PotionEncumbrance_GroupDesc
ImbueFire,Icons/Items/Drawing/imbueFire,@ImbueFire_GroupName,@ImbueFire_GroupDesc
ImbueFireB,Icons/Items/Drawing/imbueFire,@ImbueFireB_GroupName,@ImbueFire_GroupDesc
ImbuePoison,Icons/Items/Drawing/imbuePoison,@ImbuePoison_GroupName,@ImbuePoison_GroupDesc
ImbuePoisonB,Icons/Items/Drawing/imbuePoison,@ImbuePoisonB_GroupName,@ImbuePoison_GroupDesc
ImbueBleed,Icons/Items/Drawing/imbueBleed,@ImbueBleed_GroupName,@ImbueBleed_GroupDesc
ImbueHoly,Icons/Items/Drawing/imbueHoly,@ImbueHoly_GroupName,@ImbueHoly_GroupDesc
ImbueFrostbite,Icons/Items/Drawing/imbueFrostbite,@ImbueFrostbite_GroupName,@ImbueFrostbite_GroupDesc
ImbueLightning,Icons/Items/Drawing/imbueLightning,@ImbueLightning_GroupName,@ImbueLightning_GroupDesc
ImbueCorruption,Icons/Items/Drawing/imbueCorruption,@ImbueCorruption_GroupName,@ImbueCorruption_GroupDesc
Meat,Icons/Items/Drawing/meatCooked,@MeatCooked_GroupName,@MeatCooked_GroupDesc
Fruit,Icons/Items/Drawing/fruitCooked,@FruitCooked_GroupName,@FruitCooked_GroupDesc
Vegetable,Icons/Items/Drawing/vegetableCooked,@VegetableCooked_GroupName,@VegetableCooked_GroupDesc
Grain,Icons/Items/Drawing/grainCooked,@GrainCooked_GroupName,@GrainCooked_GroupDesc
Meal1,Icons/Items/Drawing/meal1,@Meal1_GroupName,@Meal1_GroupDesc
Meal2,Icons/Items/Drawing/meal2,@Meal2_GroupName,@Meal2_GroupDesc
Meal3,Icons/Items/Drawing/meal3,@Meal3_GroupName,@Meal3_GroupDesc
Meal4,Icons/Items/Drawing/meal4,@Meal4_GroupName,@Meal4_GroupDesc
Meal5,Icons/Items/Drawing/meal5,@Meal5_GroupName,@Meal5_GroupDesc
Meal5B,Icons/Items/Drawing/meal5,@Meal5_GroupName,@Meal5_GroupDesc
Meal6,Icons/Items/Drawing/meal6,@Meal6_GroupName,@Meal6_GroupDesc
Meal7,Icons/Items/Drawing/meal7,@Meal7_GroupName,@Meal7_GroupDesc
Meal8,Icons/Items/Drawing/meal8,@Meal8_GroupName,@Meal8_GroupDesc
Meal9,Icons/Items/Drawing/meal9,@Meal9_GroupName,@Meal9_GroupDesc
Drink1,Icons/Items/Drawing/drink1,@Drink1_GroupName,@Drink1_GroupDesc
Drink1B,Icons/Items/Drawing/drink1,@Drink1_GroupName,@Drink1_GroupDesc
Drink2,Icons/Items/Drawing/drink2,@Drink2_GroupName,@Drink2_GroupDesc
Drink3,Icons/Items/Drawing/drink3,@Drink3_GroupName,@Drink3_GroupDesc
Drink4,Icons/Items/Drawing/drink4,@Drink4_GroupName,@Drink4_GroupDesc
Drink5,Icons/Items/Drawing/drink5,@Drink5_GroupName,@Drink5_GroupDesc
Drink6,Icons/Items/Drawing/drink6,@Drink6_GroupName,@Drink6_GroupDesc
Feast1,Icons/Items/Drawing/feast1,@Feast1_GroupName,@Feast1_GroupDesc
Feast2,Icons/Items/Drawing/feast2,@Feast2_GroupName,@Feast2_GroupDesc
Feast3,Icons/Items/Drawing/feast3,@Feast3_GroupName,@Feast3_GroupDesc
RefinedStone,Icons/Crafting/icon_crafting_category_resources,@CategoryData_Block,
Block,Icons/Items/Drawing/block,@Block_GroupName,@Block_GroupDesc
Timber,Icons/Items/Drawing/timber,@CategoryData_Timber,@Timber_GroupDesc
BasicCooking,Icons/Items/Drawing/placeholder_square,@CategoryData_BasicCooking,
Bandage,Icons/Items/Drawing/potionCurative,@Bandage_GroupName,@Bandage_GroupDesc
Tincture,Icons/Items/Drawing/placeholder_square,@CategoryData_Tincture,@CategoryData_TinctureDesc
Gunpowder,Icons/Items/Drawing/gunpowder,@Gunpowder_GroupName,@Gunpowder_GroupDesc
DefenseTrinkets,items/TrinketAt2,@CategoryData_DefenseTrinkets,
MealsPhysicalCombat,Icons/Items/Drawing/placeholder_square,@CategoryData_MealsPhysicalCombat,
MealsAffliction,Icons/Items/Drawing/placeholder_square,@CategoryData_MealsAffliction,
MealsFeasts,Icons/Items/Drawing/placeholder_square,@CategoryData_MealsFeasts,
MealsRegeneration,Icons/Items/Drawing/placeholder_square,@CategoryData_MealsRegeneration,
MealsAbsorption,Icons/Items/Drawing/placeholder_square,@CategoryData_MealsAbsorption,
CelestialGauntlet,Icons/Items/Drawing/celestialGauntlet_square,@CelestialGauntlet_GroupName,@CelestialGauntlet_GroupDesc
CampWeapons,,@CampWeapons_GroupName,
CampAlchemy,,@CampAlchemy_GroupName,
CampRecovery,Icons/Items/Drawing/potionHealth,@CampRecovery_GroupName,@CampRecovery_GroupDesc
CampCoatings,Icons/Items/Drawing/imbueHoly,@CampCoatings_GroupName,@CampCoatings_GroupDesc
WaterSkin,Icons/Items/Drawing/waterskin,@WaterSkin_GroupName,@WaterSkin_GroupDesc
BoostFireAbs,Icons/Items/Drawing/boostFireAbs,@BoostFireAbs_GroupName,@BoostFireAbs_GroupDesc
BoostMagicAbs,Icons/Items/Drawing/boostMagicAbs,@BoostMagicAbs_GroupName,@BoostMagicAbs_GroupDesc
BoostLightningAbs,Icons/Items/Drawing/boostLightningAbs,@BoostLightningAbs_GroupName,@BoostLightningAbs_GroupDesc
BoostVoidAbs,Icons/Items/Drawing/boostVoidAbs,@BoostVoidAbs_GroupName,@BoostVoidAbs_GroupDesc
CureState,Icons/Items/Drawing/potionRestorative,@CureState_GroupName,@CureState_GroupDesc
Crafting,,@ui_buildmode_crafting,
Refining,,@ui_buildmode_refining,
Production,,@ui_buildmode_production,
Dwelling,,@ui_buildmode_dwelling,
Storage,,@ui_buildmode_storage,
DefenseFood,,@DefenseFood_GroupName,
RecoveryFood,,@RecoveryFood_GroupName,
CraftingFood,,@CraftingFood_GroupName,
GatheringFood,,@GatheringFood_GroupName,
FoodCorrupted,Icons/Items/Drawing/FoodCorrupted,@FoodCorrupted_GroupName,@FoodCorrupted_GroupDesc
FoodLost,Icons/Items/Drawing/FoodLost,@FoodLost_GroupName,@FoodLost_GroupDesc
FoodAngryEarth,Icons/Items/Drawing/FoodAngryEarth,@FoodAngryEarth_GroupName,@FoodAngryEarth_GroupDesc
FoodBeast,Icons/Items/Drawing/FoodBeast,@FoodBeast_GroupName,@FoodBeast_GroupDesc
FoodAncient,Icons/Items/Drawing/FoodAncient,@FoodAncient_GroupName,@FoodAncient_GroupDesc
FoodMana,Icons/Items/Drawing/FoodMana,@FoodMana_GroupName,@FoodMana_GroupDesc
CONTrinkets,Icons/Crafting/icon_crafting_category_trinkets,@CONTrinkets_GroupName,@CONTrinkets_GroupDesc
STRTrinkets,Icons/Crafting/icon_crafting_category_trinkets,@STRTrinkets_GroupName,@STRTrinkets_GroupDesc
DEXTrinkets,Icons/Crafting/icon_crafting_category_trinkets,@DEXTrinkets_GroupName,@DEXTrinkets_GroupDesc
INTTrinkets,Icons/Crafting/icon_crafting_category_trinkets,@INTTrinkets_GroupName,@INTTrinkets_GroupDesc
FOCTrinkets,Icons/Crafting/icon_crafting_category_trinkets,@FOCTrinkets_GroupName,@FOCTrinkets_GroupDesc
FOCCONTrinkets,Icons/Crafting/icon_crafting_category_trinkets,@FOCCONTrinkets_GroupName,@FOCCONTrinkets_GroupDesc
STRCONTrinkets,Icons/Crafting/icon_crafting_category_trinkets,@STRCONTrinkets_GroupName,@STRCONTrinkets_GroupDesc
DEXCONTrinkets,Icons/Crafting/icon_crafting_category_trinkets,@DEXCONTrinkets_GroupName,@DEXCONTrinkets_GroupDesc
INTCONTrinkets,Icons/Crafting/icon_crafting_category_trinkets,@INTCONTrinkets_GroupName,@INTCONTrinkets_GroupDesc
STRFOCTrinkets,Icons/Crafting/icon_crafting_category_trinkets,@STRFOCTrinkets_GroupName,@STRFOCTrinkets_GroupDesc
DEXFOCTrinkets,Icons/Crafting/icon_crafting_category_trinkets,@DEXFOCTrinkets_GroupName,@DEXFOCTrinkets_GroupDesc
INTFOCTrinkets,Icons/Crafting/icon_crafting_category_trinkets,@INTFOCTrinkets_GroupName,@INTFOCTrinkets_GroupDesc
CONAmulets,Icons/items/Drawing/CONAmulets,@CONAmulets_GroupName,@CONAmulets_GroupDesc
STRAmulets,Icons/items/Drawing/STRAmulets,@STRAmulets_GroupName,@STRAmulets_GroupDesc
DEXAmulets,Icons/items/Drawing/DEXAmulets,@DEXAmulets_GroupName,@DEXAmulets_GroupDesc
INTAmulets,Icons/items/Drawing/INTAmulets,@INTAmulets_GroupName,@INTAmulets_GroupDesc
FOCAmulets,Icons/items/Drawing/FOCAmulets,@FOCAmulets_GroupName,@FOCAmulets_GroupDesc
FOCCONAmulets,Icons/items/Drawing/FOCCONAmulets,@FOCCONAmulets_GroupName,@FOCCONAmulets_GroupDesc
STRCONAmulets,Icons/items/Drawing/STRCONAmulets,@STRCONAmulets_GroupName,@STRCONAmulets_GroupDesc
DEXCONAmulets,Icons/items/Drawing/DEXCONAmulets,@DEXCONAmulets_GroupName,@DEXCONAmulets_GroupDesc
INTCONAmulets,Icons/items/Drawing/INTCONAmulets,@INTCONAmulets_GroupName,@INTCONAmulets_GroupDesc
STRFOCAmulets,Icons/items/Drawing/STRFOCAmulets,@STRFOCAmulets_GroupName,@STRFOCAmulets_GroupDesc
DEXFOCAmulets,Icons/items/Drawing/DEXFOCAmulets,@DEXFOCAmulets_GroupName,@DEXFOCAmulets_GroupDesc
INTFOCAmulets,Icons/items/Drawing/INTFOCAmulets,@INTFOCAmulets_GroupName,@INTFOCAmulets_GroupDesc
CONRings,Icons/items/Drawing/CONRings,@CONRings_GroupName,@CONRings_GroupDesc
STRRings,Icons/items/Drawing/STRRings,@STRRings_GroupName,@STRRings_GroupDesc
DEXRings,Icons/items/Drawing/DEXRings,@DEXRings_GroupName,@DEXRings_GroupDesc
INTRings,Icons/items/Drawing/INTRings,@INTRings_GroupName,@INTRings_GroupDesc
FOCRings,Icons/items/Drawing/FOCRings,@FOCRings_GroupName,@FOCRings_GroupDesc
FOCCONRings,Icons/items/Drawing/FOCCONRings,@FOCCONRings_GroupName,@FOCCONRings_GroupDesc
STRCONRings,Icons/items/Drawing/STRCONRings,@STRCONRings_GroupName,@STRCONRings_GroupDesc
DEXCONRings,Icons/items/Drawing/DEXCONRings,@DEXCONRings_GroupName,@DEXCONRings_GroupDesc
INTCONRings,Icons/items/Drawing/INTCONRings,@INTCONRings_GroupName,@INTCONRings_GroupDesc
STRFOCRings,Icons/items/Drawing/STRFOCRings,@STRFOCRings_GroupName,@STRFOCRings_GroupDesc
DEXFOCRings,Icons/items/Drawing/DEXFOCRings,@DEXFOCRings_GroupName,@DEXFOCRings_GroupDesc
INTFOCRings,Icons/items/Drawing/INTFOCRings,@INTFOCRings_GroupName,@INTFOCRings_GroupDesc
CONEarrings,Icons/items/Drawing/CONEarrings,@CONEarrings_GroupName,@CONEarrings_GroupDesc
STREarrings,Icons/items/Drawing/STREarrings,@STREarrings_GroupName,@STREarrings_GroupDesc
DEXEarrings,Icons/items/Drawing/DEXEarrings,@DEXEarrings_GroupName,@DEXEarrings_GroupDesc
INTEarrings,Icons/items/Drawing/INTEarrings,@INTEarrings_GroupName,@INTEarrings_GroupDesc
FOCEarrings,Icons/items/Drawing/FOCEarrings,@FOCEarrings_GroupName,@FOCEarrings_GroupDesc
FOCCONEarrings,Icons/items/Drawing/FOCCONEarrings,@FOCCONEarrings_GroupName,@FOCCONEarrings_GroupDesc
STRCONEarrings,Icons/items/Drawing/STRCONEarrings,@STRCONEarrings_GroupName,@STRCONEarrings_GroupDesc
DEXCONEarrings,Icons/items/Drawing/DEXCONEarrings,@DEXCONEarrings_GroupName,@DEXCONEarrings_GroupDesc
INTCONEarrings,Icons/items/Drawing/INTCONEarrings,@INTCONEarrings_GroupName,@INTCONEarrings_GroupDesc
STRFOCEarrings,Icons/items/Drawing/STRFOCEarrings,@STRFOCEarrings_GroupName,@STRFOCEarrings_GroupDesc
DEXFOCEarrings,Icons/items/Drawing/DEXFOCEarrings,@DEXFOCEarrings_GroupName,@DEXFOCEarrings_GroupDesc
INTFOCEarrings,Icons/items/Drawing/INTFOCEarrings,@INTFOCEarrings_GroupName,@INTFOCEarrings_GroupDesc
MagicStaves,,@MagicStaves_GroupName,@CategoryData_MagicStavesDesc
StaffLife,Icons/Items/Drawing/StaffLife,@StaffLife_GroupName,@StaffLife_GroupDesc
StaffFire,Icons/Items/Drawing/StaffFire,@StaffFire_GroupName,@StaffFire_GroupDesc
WeaponCoatings,,@CategoryData_WeaponCoatings,
AfflictionResistance,,@CategoryData_AfflictionResistance,
HealthRecovery,,@CategoryData_HealthRecovery,
Bags,,@CategoryData_Bags,
LargeFurnishings,,@CategoryData_LargeFurnishings,
SmallFurnishings,,@CategoryData_SmallFurnishings,
Trophies,,@CategoryData_Trophies,
Beds,Icons/Items/Drawing/beds,@Beds_GroupName,@Beds_GroupDesc
Tables,Icons/Items/Drawing/tables,@Tables_GroupName,@Tables_GroupDesc
SideTables,Icons/Items/Drawing/sideTables,@SideTables_GroupName,@SideTables_GroupDesc
Drawers,Icons/Items/Drawing/drawers,@Drawers_GroupName,@Drawers_GroupDesc
Bookcase,Icons/Items/Drawing/bookcase,@Bookcase_GroupName,@Bookcase_GroupDesc
StorageTypeA,Icons/Items/Drawing/storageTypeA,@StorageTypeA_GroupName,@StorageTypeA_GroupDesc
StorageTypeB,Icons/Items/Drawing/storageTypeB,@StorageTypeB_GroupName,@StorageTypeB_GroupDesc
DecorationA,Icons/Items/Drawing/decorationA,@DecorationA_GroupName,@DecorationA_GroupDesc
DecorationB,Icons/Items/Drawing/decorationB,@DecorationB_GroupName,@DecorationB_GroupDesc
Decorations,,@Decorations_GroupName,
Fabric,Icons/Items/Drawing/fabric,@Fabric_GroupName,@Fabric_GroupDesc
Chairs,Icons/Items/Drawing/chairs,@Chairs_GroupName,@Chairs_GroupDesc
Wreath,Icons/Items/Drawing/wreath,@Wreath_GroupName,@Wreath_GroupDesc
Cookware,Icons/Items/Drawing/cookware,@Cookware_GroupName,@Cookware_GroupDesc
Lightings,Icons/Items/Drawing/lightings,@Lightings_GroupName,@Lightings_GroupDesc
AlchemyBonus,Icons/Items/Drawing/arcaneBonus,@AlchemyBonus_GroupName,@AlchemyBonus_GroupDesc
BlacksmithBonus,Icons/Items/Drawing/forgingBonus,@BlacksmithBonus_GroupName,@BlacksmithBonus_GroupDesc
CookingBonus,Icons/Items/Drawing/cookingBonus,@CookingBonus_GroupName,@CookingBonus_GroupDesc
EngineeringBonus,Icons/Items/Drawing/engineeringBonus,@EngineeringBonus_GroupName,@EngineeringBonus_GroupDesc
HarvestingBonus,Icons/Items/Drawing/harvestingBonus,@HarvestingBonus_GroupName,@HarvestingBonus_GroupDesc
LoggingBonus,Icons/Items/Drawing/loggingBonus,@LoggingBonus_GroupName,@LoggingBonus_GroupDesc
MiningBonus,Icons/Items/Drawing/miningBonus,@MiningBonus_GroupName,@MiningBonus_GroupDesc
OutfittingBonus,Icons/Items/Drawing/tailoringBonus,@OutfittingBonus_GroupName,@OutfittingBonus_GroupDesc
SkinningBonus,Icons/Items/Drawing/skinningBonus,@SkinningBonus_GroupName,@SkinningBonus_GroupDesc
AncientBonus,Icons/Items/Drawing/ancientBonus,@AncientBonus_GroupName,@AncientBonus_GroupDesc
AngryEarthBonus,Icons/Items/Drawing/angryEarthBonus,@AngryEarthBonus_GroupName,@AngryEarthBonus_GroupDesc
BeastBonus,Icons/Items/Drawing/beastBonus,@BeastBonus_GroupName,@BeastBonus_GroupDesc
CorruptedBonus,Icons/Items/Drawing/corruptedBonus,@CorruptedBonus_GroupName,@CorruptedBonus_GroupDesc
LostBonus,Icons/Items/Drawing/lostBonus,@LostBonus_GroupName,@LostBonus_GroupDesc
LuckBonus,Icons/Items/Drawing/globalLuckBonus,@LuckBonus_GroupName,@LuckBonus_GroupDesc
Gemcutting,Icons/Crafting/icon_crafting_category_resources,@CategoryData_Gemcutting,
Gems,Icons/Crafting/icon_crafting_category_resources,@CategoryData_Gems,
AmberCut,Icons/Items/Drawing/AmberCut,@AmberCut_GroupName,@AmberCut_GroupDesc
AmethystCut,Icons/Items/Drawing/AmethystCut,@AmethystCut_GroupName,@AmethystCut_GroupDesc
AquamarineCut,Icons/Items/Drawing/AquamarineCut,@AquamarineCut_GroupName,@AquamarineCut_GroupDesc
CarnelianCut,Icons/Items/Drawing/CarnelianCut,@CarnelianCut_GroupName,@CarnelianCut_GroupDesc
CitrineCut,Icons/Items/Drawing/CitrineCut,@CitrineCut_GroupName,@CitrineCut_GroupDesc
DiamondCut,Icons/Items/Drawing/DiamondCut,@DiamondCut_GroupName,@DiamondCut_GroupDesc
EmeraldCut,Icons/Items/Drawing/EmeraldCut,@EmeraldCut_GroupName,@EmeraldCut_GroupDesc
GarnetCut,Icons/Items/Drawing/GarnetCut,@GarnetCut_GroupName,@GarnetCut_GroupDesc
JadeCut,Icons/Items/Drawing/JadeCut,@JadeCut_GroupName,@JadeCut_GroupDesc
JasperCut,Icons/Items/Drawing/JasperCut,@JasperCut_GroupName,@JasperCut_GroupDesc
LapisLazuliCut,Icons/Items/Drawing/LapisLazuliCut,@LapisLazuliCut_GroupName,@LapisLazuliCut_GroupDesc
MalachiteCut,Icons/Items/Drawing/MalachiteCut,@MalachiteCut_GroupName,@MalachiteCut_GroupDesc
MoonstoneCut,Icons/Items/Drawing/MoonstoneCut,@MoonstoneCut_GroupName,@MoonstoneCut_GroupDesc
OnyxCut,Icons/Items/Drawing/OnyxCut,@OnyxCut_GroupName,@OnyxCut_GroupDesc
OpalCut,Icons/Items/Drawing/OpalCut,@OpalCut_GroupName,@OpalCut_GroupDesc
RubyCut,Icons/Items/Drawing/RubyCut,@RubyCut_GroupName,@RubyCut_GroupDesc
SapphireCut,Icons/Items/Drawing/SapphireCut,@SapphireCut_GroupName,@SapphireCut_GroupDesc
TopazCut,Icons/Items/Drawing/TopazCut,@TopazCut_GroupName,@TopazCut_GroupDesc
TurquoiseCut,Icons/Items/Drawing/TurquoiseCut,@TurquoiseCut_GroupName,@TurquoiseCut_GroupDesc
DyeGroup,Icons/Crafting/icon_crafting_category_utilities,@CategoryData_Dyes,@Dyes_GroupDesc
Dye1,Icons/Items/Drawing/armorDyes,@Dye1_GroupName,@Dye1_GroupDesc
Dye2,Icons/Items/Drawing/armorDyes,@Dye2_GroupName,@Dye2_GroupDesc
Dye3,Icons/Items/Drawing/armorDyes,@Dye3_GroupName,@Dye3_GroupDesc
Dye4,Icons/Items/Drawing/armorDyes,@Dye4_GroupName,@Dye4_GroupDesc
Dye5,Icons/Items/Drawing/armorDyes,@Dye5_GroupName,@Dye5_GroupDesc
Dye6,Icons/Items/Drawing/armorDyes,@Dye6_GroupName,@Dye6_GroupDesc
Dye7,Icons/Items/Drawing/armorDyes,@Dye7_GroupName,@Dye7_GroupDesc
Dye8,Icons/Items/Drawing/armorDyes,@Dye8_GroupName,@Dye8_GroupDesc
Dye9,Icons/Items/Drawing/armorDyes,@Dye9_GroupName,@Dye9_GroupDesc
Dye10,Icons/Items/Drawing/armorDyes,@Dye10_GroupName,@Dye10_GroupDesc
Dye11,Icons/Items/Drawing/armorDyes,@Dye11_GroupName,@Dye11_GroupDesc
Dye12,Icons/Items/Drawing/armorDyes,@Dye12_GroupName,@Dye12_GroupDesc
Dye13,Icons/Items/Drawing/armorDyes,@Dye13_GroupName,@Dye13_GroupDesc
Dye14,Icons/Items/Drawing/armorDyes,@Dye14_GroupName,@Dye14_GroupDesc
Dye15,Icons/Items/Drawing/armorDyes,@Dye15_GroupName,@Dye15_GroupDesc
Dye16,Icons/Items/Drawing/armorDyes,@Dye16_GroupName,@Dye16_GroupDesc
Dye17,Icons/Items/Drawing/armorDyes,@Dye17_GroupName,@Dye17_GroupDesc
Dye18,Icons/Items/Drawing/armorDyes,@Dye18_GroupName,@Dye18_GroupDesc
Dye19,Icons/Items/Drawing/armorDyes,@Dye19_GroupName,@Dye19_GroupDesc
Swords,,@Swords_GroupName,
Offensive,,@Offensive_GroupName,
Defensive,,@Defensive_GroupName,
Utility,,@Utility_GroupName,
Conditional,,@Conditional_GroupName,
Armoire01,Icons/Items/Drawing/housing_Category_Armoire01,@Armoire01_GroupName,@Armoire01_GroupDesc
Bed01,Icons/Items/Drawing/housing_Category_Bed01,@Bed01_GroupName,@Bed01_GroupDesc
Bed02,Icons/Items/Drawing/housing_Category_Bed02,@Bed02_GroupName,@Bed02_GroupDesc
BedSideTable,Icons/Items/Drawing/housing_Category_BedSideTable01,@BedSideTable_GroupName,@BedSideTable_GroupDesc
Bookcase01,Icons/Items/Drawing/housing_Category_Bookcase01,@Bookcase01_GroupName,@Bookcase01_GroupDesc
Bookcase02,Icons/Items/Drawing/housing_Category_Bookcase02,@Bookcase02_GroupName,@Bookcase02_GroupDesc
Cabinet01,Icons/Items/Drawing/housing_Category_Cabinet 01,@Cabinet01_GroupName,@Cabinet01_GroupDesc
Cabinet02,Icons/Items/Drawing/housing_Category_Cabinet02,@Cabinet02_GroupName,@Cabinet02_GroupDesc
Chair01,Icons/Items/Drawing/housing_Category_Chair01,@Chair01_GroupName,@Chair01_GroupDesc
Chair02,Icons/Items/Drawing/housing_Category_Chair02,@Chair02_GroupName,@Chair02_GroupDesc
Desk01,Icons/Items/Drawing/housing_Category_Desk01,@Desk01_GroupName,@Desk01_GroupDesc
Dresser01,Icons/Items/Drawing/housing_Category_Dresser01,@Dresser01_GroupName,@Dresser01_GroupDesc
LightHanging01,Icons/Items/Drawing/housing_Category_LightHanging01,@LightHanging01_GroupName,@LightHanging01_GroupDesc
LightTable01,Icons/Items/Drawing/housing_Category_LightTable01,@LightTable01_GroupName,@LightTable01_GroupDesc
LightWall01,Icons/Items/Drawing/housing_Category_LightWall01,@LightWall01_GroupName,@LightWall01_GroupDesc
Shelf01,Icons/Items/Drawing/housing_Category_Shelf01,@Shelf01_GroupName,@Shelf01_GroupDesc
Stool01,Icons/Items/Drawing/housing_Category_Stool01,@Stool01_GroupName,@Stool01_GroupDesc
Stove01,Icons/Items/Drawing/housing_Category_Stove01,@Stove01_GroupName,@Stove01_GroupDesc
Table01,Icons/Items/Drawing/housing_Category_Table01,@Table01_GroupName,@Table01_GroupDesc
Table02,Icons/Items/Drawing/housing_Category_Table02,@Table02_GroupName,@Table02_GroupDesc
Wood,Icons/Items/Drawing/wood,@Wood_CategoryName,
WoodAny,Icons/Items/Drawing/wood,@WoodAny_CategoryName,
Metal,Icons/Items/Drawing/ingot,@Metal_CategoryName,
MetalPrecious,Icons/Items/Drawing/ingot,@MetalPrecious_CategoryName,
Leather,Icons/Items/Drawing/leather,@Leather_CategoryName,
Cloth,Icons/Items/Drawing/cloth,@Cloth_CategoryName,
GemRuby,Icons/Items/Drawing/rubycut,@GemRuby_CategoryName,
GemAmbe,Icons/Items/Drawing/aquamarinecut,@GemAmbe_CategoryName,
GemAqua,Icons/Items/Drawing/aquamarinecut,@GemAqua_CategoryName,
GemCarn,Icons/Items/Drawing/CarnelianCut,@GemCarn_CategoryName,
GemSapp,Icons/Items/Drawing/sapphirecut,@GemSapp_CategoryName,
GemOnyx,Icons/Items/Drawing/onyxcut,@GemOnyx_CategoryName,
GemOpal,Icons/Items/Drawing/opalcut,@GemOpal_CategoryName,
GemDiam,Icons/Items/Drawing/DiamondCut,@GemDiam_CategoryName,
GemJasp,Icons/Items/Drawing/JasperCut,@GemJasp_CategoryName,
GemEmer,Icons/Items/Drawing/EmeraldCut,@GemEmer_CategoryName,
GemMala,Icons/Items/Drawing/MalachiteCut,@GemMala_CategoryName,
GemMoon,Icons/Items/Drawing/MoonstoneCut,@GemMoon_CategoryName,
GemTopa,Icons/Items/Drawing/TopazCut,@GemTopa_CategoryName,
GemAmet,Icons/Items/Drawing/AmethystCut,@GemAmet_CategoryName,
GemPearl,,@GemPearl_CategoryName,
Fur,Icons/Items/Drawing/beastbonus,@Fur_CategoryName,
ArcanaFire,Icons/Items/Drawing/alchemyfire,@ArcanaFire_CategoryName,
ArcanaLife,Icons/Items/Drawing/alchemylife,@ArcanaLife_CategoryName,
ArcanaWater,Icons/Items/Drawing/alchemywater,@ArcanaWater_CategoryName,
AlchemyLife,Icons/Items/Drawing/alchemylife,@AlchemyLife_CategoryName,
AlchemyDeath,Icons/Items/Drawing/alchemydeath,@AlchemyDeath_CategoryName,
AlchemySpirit,Icons/Items/Drawing/alchemyspirit,@AlchemySpirit_CategoryName,
AlchemyAir,Icons/Items/Drawing/alchemyair,@AlchemyAir_CategoryName,
AlchemyWater,Icons/Items/Drawing/alchemywater,@AlchemyWater_CategoryName,
AlchemyFire,Icons/Items/Drawing/alchemyfire,@AlchemyFire_CategoryName,
AlchemyEarth,Icons/Items/Drawing/alchemyearth,@AlchemyEarth_CategoryName,
HealthCooking,Icons/Items/Drawing/foodangryearth,@HealthCooking_CategoryName,
ManaCooking,Icons/Items/Drawing/foodmana,@ManaCooking_CategoryName,
Seasoning,Icons/Items/Drawing/seasoningpouch,@Seasoning_CategoryName,
AlchemyMedicinal,Icons/Items/Drawing/potionhealth,@AlchemyMedicinal_GroupName,
AlchemyMagical,Icons/Items/Drawing/potionmana,@AlchemyMagical_GroupName,
AlchemyProtective,Icons/Items/Drawing/potionendurance,@AlchemyProtective_GroupName,
AlchemyOffensive,Icons/Items/Drawing/potionregen,@AlchemyOffensive_GroupName,
PerkItem,Icons/Items/Drawing/moonstonecut,@PerkItem_CategoryName,
ArcanaDeath,Icons/Items/Drawing/alchemydeath,@ArcanaDeath_GroupName,
ArcanaSpirit,Icons/Items/Drawing/alchemyspirit,@ArcanaSpirit_GroupName,
ArcanaAir,Icons/Items/Drawing/alchemyair,@ArcanaAir_GroupName,
ArcanaEarth,Icons/Items/Drawing/alchemyearth,@ArcanaEarth_GroupName,
RefinedResources,,@RefinedResources_GroupName,
CutStone,,@CutStone_GroupName,
CutGems,,@CutGems_GroupName,
FuseGems,,@FuseGems_GroupName,
Amulets,Icons/items/Drawing/trinketA,@Amulets_GroupName,
Rings,Icons/items/Drawing/trinketG,@Rings_GroupName,
Earrings,Icons/items/Drawing/trinketO,@Earrings_GroupName,
CraftingConsumables,,@CraftingConsumables_GroupName,
Weapons,,@Weapons_GroupName,
Consumables,,@Consumables_GroupName,
Tools,Icons/Crafting/icon_crafting_category_tools,@CategoryData_Tools,
Ammo,,@Ammo_GroupName,
ArmorHeavy,,@ArmorHeavy_GroupName,
ArmorMedium,,@ArmorMedium_GroupName,
ArmorLight,,@ArmorLight_GroupName,
Encumbrance,,@Encumbrance_GroupName,
ConsumablesRecovery,,@ConsumablesRecovery_GroupName,
ConsumablesUtility,,@ConsumablesUtility_GroupName,
Coatings,,@Coatings_GroupName,
ConsumablesAffliction,,@ConsumablesAffliction_GroupName,
ConsumablesResistance,,@ConsumablesResistance_GroupName,
FoodRecovery,,@FoodRecovery_GroupName,
Components,,@Components_GroupName,
FoodsBuffs,,@FoodsBuffs_GroupName,
FoodsAttributes,,@FoodsAttributes_GroupName,
Dyes,Icons/Crafting/icon_crafting_category_utilities,@CategoryData_Dyes,@Dyes_GroupDesc
CraftingQuestRecipe,,@CraftingQuestRecipe_GroupName,
Furniture,,@Furniture_GroupName,
Pigments,,@Pigments_GroupName,
Ingot,Icons/Items/Drawing/ingot,@CategoryData_Ingot,@Ingot_GroupDesc
IngotPrecious,Icons/Items/Drawing/ingotPrecious,@CategoryData_IngotPrecious,@IngotPrecious_GroupDesc
Charcoal,Icons/Items/Drawing/charcoal,@CategoryData_Charcoal,@Charcoal_GroupDesc
Planks,,@Planks_GroupName,
Blocks,,@Blocks_GroupName,
CutGemsT1,,@CutGemsT1_GroupName,
CutGemsT2,,@CutGemsT2_GroupName,
CutGemsT3,,@CutGemsT3_GroupName,
CutGemsT4,,@CutGemsT4_GroupName,
CutGemsFuseT1,,@CutGemsFuseT1_GroupName,
CutGemsFuseT2,,@CutGemsFuseT2_GroupName,
CutGemsFuseT3,,@CutGemsFuseT3_GroupName,
CutGemsFuseT4,,@CutGemsFuseT4_GroupName,
AmuletsT2,,@AmuletsT2_GroupName,
AmuletsT3,,@AmuletsT3_GroupName,
AmuletsT4,,@AmuletsT4_GroupName,
AmuletsT5,,@AmuletsT5_GroupName,
RingsT2,,@RingsT2_GroupName,
RingsT3,,@RingsT3_GroupName,
RingsT4,,@RingsT4_GroupName,
RingsT5,,@RingsT5_GroupName,
EarringsT2,,@EarringsT2_GroupName,
EarringsT3,,@EarringsT3_GroupName,
EarringsT4,,@EarringsT4_GroupName,
EarringsT5,,@EarringsT5_GroupName,
GemstoneDust,,@GemstoneDust_GroupName,
Longswords,,@Longswords_GroupName,
Hatchets,,@Hatchets_GroupName,
WarHammers,,@WarHammers_GroupName,
Bows,,@Bows_GroupName,
Muskets,,@Muskets_GroupName,
StavesFire,,@StavesFire_GroupName,
StavesLife,,@StavesLife_GroupName,
ShieldsRound,,@ShieldsRound_GroupName,
ShieldsKite,,@ShieldsKite_GroupName,
Spears,,@Spears_GroupName,
Greataxes,,@Greataxes_GroupName,
Rapiers,,@Rapiers_GroupName,
ShieldsTower,,@ShieldsTower_GroupName,
LoggingAxes,,@LoggingAxes_GroupName,
MiningPicks,,@MiningPicks_GroupName,
SkinningKnives,,@SkinningKnives_GroupName,
Sickles,,@Sickles_GroupName,
FishingPoles,,@FishingPoles_GroupName,
Arrows,,@Arrows_GroupName,
Cartridges,,@Cartridges_GroupName,
SurvivalTools,,@SurvivalTools_GroupName,
EngineeringComponents,,@EngineeringComponents_GroupName,
ArmorPlateHead,,@ArmorPlateHead_GroupName,
ArmorPlateChest,,@ArmorPlateChest_GroupName,
ArmorPlateHands,,@ArmorPlateHands_GroupName,
ArmorPlateLegs,,@ArmorPlateLegs_GroupName,
ArmorPlateFeet,,@ArmorPlateFeet_GroupName,
ArmorLeatherHead,,@ArmorLeatherHead_GroupName,
ArmorLeatherChest,,@ArmorLeatherChest_GroupName,
ArmorLeatherHands,,@ArmorLeatherHands_GroupName,
ArmorLeatherLegs,,@ArmorLeatherLegs_GroupName,
ArmorLeatherFeet,,@ArmorLeatherFeet_GroupName,
ArmorClothHead,,@ArmorClothHead_GroupName,
ArmorClothChest,,@ArmorClothChest_GroupName,
ArmorClothHands,,@ArmorClothHands_GroupName,
ArmorClothLegs,,@ArmorClothLegs_GroupName,
ArmorClothFeet,,@ArmorClothFeet_GroupName,
ArmorHeavyHead,,@ArmorHeavyHead_GroupName,
ArmorHeavyChest,,@ArmorHeavyChest_GroupName,
ArmorHeavyHands,,@ArmorHeavyHands_GroupName,
ArmorHeavyLegs,,@ArmorHeavyLegs_GroupName,
ArmorHeavyFeet,,@ArmorHeavyFeet_GroupName,
ArmorFurHead,,@ArmorFurHead_GroupName,
ArmorFurChest,,@ArmorFurChest_GroupName,
ArmorFurHands,,@ArmorFurHands_GroupName,
ArmorFurLegs,,@ArmorFurLegs_GroupName,
ArmorFurFeet,,@ArmorFurFeet_GroupName,
ArmorRobeHead,,@ArmorRobeHead_GroupName,
ArmorRobeChest,,@ArmorRobeChest_GroupName,
ArmorRobeHands,,@ArmorRobeHands_GroupName,
ArmorRobeLegs,,@ArmorRobeLegs_GroupName,
ArmorRobeFeet,,@ArmorRobeFeet_GroupName,
MagicStaffFire,,@MagicStaffFire_GroupName,
MagicStaffLife,,@MagicStaffLife_GroupName,
ProcPotionHealth,,@ProcPotionHealth_GroupName,
ProcPotionMana,,@ProcPotionMana_GroupName,
ProcPotionRegen,,@ProcPotionRegen_GroupName,
CoatingBeast,Icons/Items/Drawing/imbueBleed,@CoatingBeast_GroupName,
CoatingLost,Icons/Items/Drawing/imbueHoly,@CoatingLost_GroupName,
CoatingCorrupted,Icons/Items/Drawing/imbueCorruption,@CoatingCorrupted_GroupName,
CoatingAncient,Icons/Items/Drawing/imbuePoison,@CoatingAncient_GroupName,
CoatingAngryEarth,Icons/Items/Drawing/imbueFire,@CoatingAngryEarth_GroupName,
TinctureCorruption,,@TinctureCorruption_GroupName,
TinctureBlight,,@TinctureBlight_GroupName,
PotionFireAbs,,@PotionFireAbs_GroupName,
PotionMagicAbs,,@PotionMagicAbs_GroupName,
PotionLightningAbs,,@PotionLightningAbs_GroupName,
PotionVoidAbs,,@PotionVoidAbs_GroupName,
FoodHealthRecovery,Icons/Items/Drawing/meal9,@FoodHealthRecovery_GroupName,
FoodManaRecovery,,@FoodManaRecovery_GroupName,
FoodDefense,Icons/Items/Drawing/FoodDefense,@FoodDefense_GroupName,
FoodWeaponsmith,Icons/Items/Drawing/FoodWeaponsmith,@FoodWeaponsmith_GroupName,
FoodJewelcrafter,Icons/Items/Drawing/FoodJewelcrafter,@FoodJewelcrafter_GroupName,
FoodEngineer,Icons/Items/Drawing/FoodEngineer,@FoodEngineer_GroupName,
FoodArcanist,Icons/Items/Drawing/FoodArcanist,@FoodArcanist_GroupName,
FoodArmorer,Icons/Items/Drawing/FoodArmorer,@FoodArmorer_GroupName,
FoodMiner,Icons/Items/Drawing/FoodMiner,@FoodMiner_GroupName,
FoodHarvester,Icons/Items/Drawing/FoodHarvester,@FoodHarvester_GroupName,
FoodHunter,Icons/Items/Drawing/FoodHunter,@FoodHunter_GroupName,
FoodLumberjack,Icons/Items/Drawing/FoodLumberjack,@FoodLumberjack_GroupName,
FoodSTR,,@FoodSTR_GroupName,
FoodDEX,,@FoodDEX_GroupName,
FoodINT,,@FoodINT_GroupName,
FoodCON,,@FoodCON_GroupName,
FoodFOC,,@FoodFOC_GroupName,
DyeRed,,@DyeRed_GroupName,
DyeYellow,,@DyeYellow_GroupName,
DyeGreen,,@DyeGreen_GroupName,
DyeBlue,,@DyeBlue_GroupName,
DyeOrange,,@DyeOrange_GroupName,
DyeWhite,,@DyeWhite_GroupName,
DyeBlack,,@DyeBlack_GroupName,
DyePurple,,@DyePurple_GroupName,
DyeBrown,,@DyeBrown_GroupName,
DyeGrey,,@DyeGrey_GroupName,
DyeCyan,,@DyeCyan_GroupName,
DyeTurquoise,,@DyeTurquoise_GroupName,
DyeMagenta,,@DyeMagenta_GroupName,
DyeViolet,,@DyeViolet_GroupName,
WorkOrder,,@WorkOrder_GroupName,
ArmoringConsumables,,@ArmoringConsumables_GroupName,
EngineeringConsumables,,@EngineeringConsumables_GroupName,
WeaponsmithingConsumables,,@WeaponsmithingConsumables_GroupName,
Armor,,@Armor_GroupName,
ArmorPlate,,@ArmorPlate_GroupName,
ArmorLeather,,@ArmorLeather_GroupName,
ArmorCloth,,@ArmorCloth_GroupName,
ArmorPlateHeavy,,@ArmorPlateHeavy_GroupName,
ArmorFur,,@ArmorFur_GroupName,
ArmorRobe,,@ArmorRobe_GroupName,
BagsGeneral,,@BagsGeneral_GroupName,
Concoctions,,@Concoctions_GroupName,
RepairKits,,@RepairKits_GroupName,
Seating,,@Seating_GroupName,
FoodTradeskill,,@FoodTradeskill_GroupName,
Trinkets,,@Trinkets_GroupName,
T1Meat,,@T1Meat_GroupName,
Foods,,@Foods_GroupName,
FoodAttribute,,@FoodAttribute_GroupName,
RepairKit,,@RepairKit_GroupName,
FoodIngredient,Icons/Items/Drawing/ingot,@FoodIngredient_GroupName,
Fish,Icons/Items/Drawing/fish,@Fish_GroupName,
Bait,Icons/Items/Drawing/bait,@Bait_GroupName,
Flux,Icons/Items/Drawing/flux,@Flux_GroupName,
Solvent,Icons/Items/Drawing/solvent,@Solvent_GroupName,
Sandpaper,Icons/Items/Drawing/sandpaper,@Sandpaper_GroupName,
Tannin,Icons/Items/Drawing/tannin,@Tannin_GroupName,
Crossweave,Icons/Items/Drawing/clothweave,@Crossweave_GroupName,
AttributeItem,,@AttributeItem_GroupName,
ArcanaRefining,,@ArcanaRefining_GroupName,
ElementalWisp,,@ElementalWisp_GroupName,
ElementalEssence,,@ElementalEssence_GroupName,
ElementalQuintessence,,@ElementalQuintessence_GroupName,
CraftModRefining,,@CraftModRefining_GroupName,
ModsUncommon,,@ModsUncommon_GroupName,
ModsRare,,@ModsRare_GroupName,
ModsEpic,,@ModsEpic_GroupName,
ResourceDowngrade,,@ResourceDowngrade_GroupName,
MetalT2,Icons/Items/Drawing/ingot,@MetalT2_GroupName,
MetalT3,Icons/Items/Drawing/ingot,@MetalT3_GroupName,
MetalT4,Icons/Items/Drawing/ingot,@MetalT4_GroupName,
MetalT5,Icons/Items/Drawing/ingot,@MetalT5_GroupName,
TimberT2,Icons/Items/Drawing/timber,@TimberT2_GroupName,
TimberT3,Icons/Items/Drawing/timber,@TimberT3_GroupName,
TimberT4,Icons/Items/Drawing/timber,@TimberT4_GroupName,
TimberT5,Icons/Items/Drawing/timber,@TimberT5_GroupName,
LeatherT2,Icons/Items/Drawing/leather,@LeatherT2_GroupName,
LeatherT3,Icons/Items/Drawing/leather,@LeatherT3_GroupName,
LeatherT4,Icons/Items/Drawing/leather,@LeatherT4_GroupName,
LeatherT5,Icons/Items/Drawing/leather,@LeatherT5_GroupName,
FurT3,Icons/Items/Drawing/beastbonus,@FurT3_GroupName,
FurT4,Icons/Items/Drawing/beastbonus,@FurT4_GroupName,
FurT5,Icons/Items/Drawing/beastbonus,@FurT5_GroupName,
ClothT2,Icons/Items/Drawing/cloth,@ClothT2_GroupName,
ClothT3,Icons/Items/Drawing/cloth,@ClothT3_GroupName,
ClothT4,Icons/Items/Drawing/cloth,@ClothT4_GroupName,
ClothT5,Icons/Items/Drawing/cloth,@ClothT5_GroupName,
Gemstone,Icons/Crafting/icon_crafting_category_resources,@Gemstone_GroupName,
GemstoneT1,,@GemstoneT1_GroupName,
GemstoneT2,,@GemstoneT2_GroupName,
GemstoneT3,,@GemstoneT3_GroupName,
GemstoneT4,,@GemstoneT4_GroupName,
Meats,Icons/Items/Drawing/meatCooked,@Meats_GroupName,
MeatT1,Icons/Items/Drawing/meatCooked,@MeatT1_GroupName,
MeatT2,Icons/Items/Drawing/meatCooked,@MeatT2_GroupName,
MeatT3,Icons/Items/Drawing/meatCooked,@MeatT3_GroupName,
MeatT4,Icons/Items/Drawing/meatCooked,@MeatT4_GroupName,
MeatT5,Icons/Items/Drawing/meatCooked,@MeatT5_GroupName,
FoodIngredientT1,Icons/Items/Drawing/RawFoodTier,@FoodIngredientT1_GroupName,
FoodIngredientT2,Icons/Items/Drawing/RawFoodTier,@FoodIngredientT2_GroupName,
FoodIngredientT3,Icons/Items/Drawing/RawFoodTier,@FoodIngredientT3_GroupName,
FoodIngredientT4,Icons/Items/Drawing/RawFoodTier,@FoodIngredientT4_GroupName,
FoodIngredientT5,Icons/Items/Drawing/RawFoodTier,@FoodIngredientT5_GroupName,
VegetableT1,Icons/Items/Drawing/vegetableCooked,@VegetableT1_GroupName,
VegetableT2,Icons/Items/Drawing/vegetableCooked,@VegetableT2_GroupName,
VegetableT3,Icons/Items/Drawing/vegetableCooked,@VegetableT3_GroupName,
VegetableT4,Icons/Items/Drawing/vegetableCooked,@VegetableT4_GroupName,
VegetableT5,Icons/Items/Drawing/vegetableCooked,@VegetableT5_GroupName,
FruitT1,Icons/Items/Drawing/fruitCooked,@FruitT1_GroupName,
FruitT2,Icons/Items/Drawing/fruitCooked,@FruitT2_GroupName,
FruitT3,Icons/Items/Drawing/fruitCooked,@FruitT3_GroupName,
FruitT4,Icons/Items/Drawing/fruitCooked,@FruitT4_GroupName,
FruitT5,Icons/Items/Drawing/fruitCooked,@FruitT5_GroupName,
GrainT1,Icons/Items/Drawing/grainCooked,@GrainT1_GroupName,
GrainT2,Icons/Items/Drawing/grainCooked,@GrainT2_GroupName,
GrainT3,Icons/Items/Drawing/grainCooked,@GrainT3_GroupName,
GrainT4,Icons/Items/Drawing/grainCooked,@GrainT4_GroupName,
GrainT5,Icons/Items/Drawing/grainCooked,@GrainT5_GroupName,
AlchemyEarthT2,Icons/Items/Drawing/EarthReagent,@AlchemyEarthT2_GroupName,
AlchemyEarthT3,Icons/Items/Drawing/EarthReagent,@AlchemyEarthT3_GroupName,
AlchemyEarthT4,Icons/Items/Drawing/EarthReagent,@AlchemyEarthT4_GroupName,
AlchemyEarthT5,Icons/Items/Drawing/EarthReagent,@AlchemyEarthT5_GroupName,
AlchemyFireT2,Icons/Items/Drawing/FireReagent,@AlchemyFireT2_GroupName,
AlchemyFireT3,Icons/Items/Drawing/FireReagent,@AlchemyFireT3_GroupName,
AlchemyFireT4,Icons/Items/Drawing/FireReagent,@AlchemyFireT4_GroupName,
AlchemyFireT5,Icons/Items/Drawing/FireReagent,@AlchemyFireT5_GroupName,
AlchemyAirT2,Icons/Items/Drawing/AirReagent,@AlchemyAirT2_GroupName,
AlchemyAirT3,Icons/Items/Drawing/AirReagent,@AlchemyAirT3_GroupName,
AlchemyAirT4,Icons/Items/Drawing/AirReagent,@AlchemyAirT4_GroupName,
AlchemyAirT5,Icons/Items/Drawing/AirReagent,@AlchemyAirT5_GroupName,
AlchemyWaterT2,Icons/Items/Drawing/WaterReagent,@AlchemyWaterT2_GroupName,
AlchemyWaterT3,Icons/Items/Drawing/WaterReagent,@AlchemyWaterT3_GroupName,
AlchemyWaterT4,Icons/Items/Drawing/WaterReagent,@AlchemyWaterT4_GroupName,
AlchemyWaterT5,Icons/Items/Drawing/WaterReagent,@AlchemyWaterT5_GroupName,
AlchemyLifeT2,Icons/Items/Drawing/LifeReagent,@AlchemyLifeT2_GroupName,
AlchemyLifeT3,Icons/Items/Drawing/LifeReagent,@AlchemyLifeT3_GroupName,
AlchemyLifeT4,Icons/Items/Drawing/LifeReagent,@AlchemyLifeT4_GroupName,
AlchemyLifeT5,Icons/Items/Drawing/LifeReagent,@AlchemyLifeT5_GroupName,
AlchemyDeathT2,Icons/Items/Drawing/DeathReagent,@AlchemyDeathT2_GroupName,
AlchemyDeathT3,Icons/Items/Drawing/DeathReagent,@AlchemyDeathT3_GroupName,
AlchemyDeathT4,Icons/Items/Drawing/DeathReagent,@AlchemyDeathT4_GroupName,
AlchemyDeathT5,Icons/Items/Drawing/DeathReagent,@AlchemyDeathT5_GroupName,
AlchemySpiritT2,Icons/Items/Drawing/SpiritReagent,@AlchemySpiritT2_GroupName,
AlchemySpiritT3,Icons/Items/Drawing/SpiritReagent,@AlchemySpiritT3_GroupName,
AlchemySpiritT4,Icons/Items/Drawing/SpiritReagent,@AlchemySpiritT4_GroupName,
AlchemySpiritT5,Icons/Items/Drawing/SpiritReagent,@AlchemySpiritT5_GroupName,
ArcanaEarthT2,,@ArcanaEarthT2_GroupName,
ArcanaEarthT3,,@ArcanaEarthT3_GroupName,
ArcanaEarthT4,,@ArcanaEarthT4_GroupName,
ArcanaEarthT5,,@ArcanaEarthT5_GroupName,
ArcanaFireT2,,@ArcanaFireT2_GroupName,
ArcanaFireT3,,@ArcanaFireT3_GroupName,
ArcanaFireT4,,@ArcanaFireT4_GroupName,
ArcanaFireT5,,@ArcanaFireT5_GroupName,
ArcanaAirT2,,@ArcanaAirT2_GroupName,
ArcanaAirT3,,@ArcanaAirT3_GroupName,
ArcanaAirT4,,@ArcanaAirT4_GroupName,
ArcanaAirT5,,@ArcanaAirT5_GroupName,
ArcanaWaterT2,,@ArcanaWaterT2_GroupName,
ArcanaWaterT3,,@ArcanaWaterT3_GroupName,
ArcanaWaterT4,,@ArcanaWaterT4_GroupName,
ArcanaWaterT5,,@ArcanaWaterT5_GroupName,
ArcanaLifeT2,,@ArcanaLifeT2_GroupName,
ArcanaLifeT3,,@ArcanaLifeT3_GroupName,
ArcanaLifeT4,,@ArcanaLifeT4_GroupName,
ArcanaLifeT5,,@ArcanaLifeT5_GroupName,
ArcanaDeathT2,,@ArcanaDeathT2_GroupName,
ArcanaDeathT3,,@ArcanaDeathT3_GroupName,
ArcanaDeathT4,,@ArcanaDeathT4_GroupName,
ArcanaDeathT5,,@ArcanaDeathT5_GroupName,
ArcanaSpiritT2,,@ArcanaSpiritT2_GroupName,
ArcanaSpiritT3,,@ArcanaSpiritT3_GroupName,
ArcanaSpiritT4,,@ArcanaSpiritT4_GroupName,
ArcanaSpiritT5,,@ArcanaSpiritT5_GroupName,
AlchemyOffensiveT1,Icons/Items/Drawing/OffensiveReagentT1,@AlchemyOffensiveT1_GroupName,
AlchemyOffensiveT2,Icons/Items/Drawing/OffensiveReagentT2,@AlchemyOffensiveT2_GroupName,
AlchemyOffensiveT3,Icons/Items/Drawing/OffensiveReagentT3,@AlchemyOffensiveT3_GroupName,
AlchemyOffensiveT4,Icons/Items/Drawing/OffensiveReagentT4,@AlchemyOffensiveT4_GroupName,
AlchemyOffensiveT5,Icons/Items/Drawing/OffensiveReagentT5,@AlchemyOffensiveT5_GroupName,
AlchemyProtectiveT1,Icons/Items/Drawing/ProtectiveReagentT1,@AlchemyProtectiveT1_GroupName,
AlchemyProtectiveT2,Icons/Items/Drawing/ProtectiveReagentT2,@AlchemyProtectiveT2_GroupName,
AlchemyProtectiveT3,Icons/Items/Drawing/ProtectiveReagentT3,@AlchemyProtectiveT3_GroupName,
AlchemyProtectiveT4,Icons/Items/Drawing/ProtectiveReagentT4,@AlchemyProtectiveT4_GroupName,
AlchemyProtectiveT5,Icons/Items/Drawing/ProtectiveReagentT5,@AlchemyProtectiveT5_GroupName,
AlchemyMedicinalT1,,@AlchemyMedicinalT1_GroupName,
AlchemyMedicinalT2,,@AlchemyMedicinalT2_GroupName,
AlchemyMedicinalT3,,@AlchemyMedicinalT3_GroupName,
AlchemyMedicinalT4,,@AlchemyMedicinalT4_GroupName,
AlchemyMedicinalT5,,@AlchemyMedicinalT5_GroupName,
AlchemyMagicalT1,,@AlchemyMagicalT1_GroupName,
AlchemyMagicalT2,,@AlchemyMagicalT2_GroupName,
AlchemyMagicalT3,,@AlchemyMagicalT3_GroupName,
AlchemyMagicalT4,,@AlchemyMagicalT4_GroupName,
AlchemyMagicalT5,,@AlchemyMagicalT5_GroupName,
MaterialConversion,,@MaterialConversion_GroupName,
RefiningReagentsT3,,@RefiningReagentsT3_GroupName,
RefiningReagentsT4,,@RefiningReagentsT4_GroupName,
RefiningReagentsT5,,@RefiningReagentsT5_GroupName,
Conversion3,,@Conversion3_GroupName,
Conversion4,,@Conversion4_GroupName,
Conversion5,,@Conversion5_GroupName,
FluxReagentsT3,Icons/Items/Drawing/RefiningReagents,@RefiningReagentsT3_GroupName,
FluxReagentsT4,Icons/Items/Drawing/RefiningReagents,@RefiningReagentsT4_GroupName,
FluxReagentsT5,Icons/Items/Drawing/RefiningReagents,@RefiningReagentsT5_GroupName,
SolventReagentsT3,Icons/Items/Drawing/RefiningReagents,@RefiningReagentsT3_GroupName,
SolventReagentsT4,Icons/Items/Drawing/RefiningReagents,@RefiningReagentsT4_GroupName,
SolventReagentsT5,Icons/Items/Drawing/RefiningReagents,@RefiningReagentsT5_GroupName,
TanninReagentsT3,Icons/Items/Drawing/RefiningReagents,@RefiningReagentsT3_GroupName,
TanninReagentsT4,Icons/Items/Drawing/RefiningReagents,@RefiningReagentsT4_GroupName,
TanninReagentsT5,Icons/Items/Drawing/RefiningReagents,@RefiningReagentsT5_GroupName,
ClothWeaveReagentsT3,,@RefiningReagentsT3_GroupName,
ClothWeaveReagentsT4,,@RefiningReagentsT4_GroupName,
ClothWeaveReagentsT5,,@RefiningReagentsT5_GroupName,
SandpaperReagentsT3,Icons/Items/Drawing/RefiningReagents,@RefiningReagentsT3_GroupName,
SandpaperReagentsT4,Icons/Items/Drawing/RefiningReagents,@RefiningReagentsT4_GroupName,
SandpaperReagentsT5,Icons/Items/Drawing/RefiningReagents,@RefiningReagentsT5_GroupName,
ToolsGathering,,@ToolsGathering_GroupName,
DungeonMeleeWeapons,,@DungeonMeleeWeapons_GroupName,
DungeonRangedWeapons,,@DungeonRangedWeapons_GroupName,
DungeonShields,,@DungeonShields_GroupName,
DungeonMagicWeapons,,@DungeonMagicWeapons_GroupName,
DungeonHeavyArmor,,@DungeonHeavyArmor_GroupName,
DungeonMediumArmor,,@DungeonMediumArmor_GroupName,
DungeonLightArmor,,@DungeonLightArmor_GroupName,
GauntletIce,,@GauntletIce_GroupName,
GauntletVoid,,@GauntletVoid_GroupName,
TrinketBand,Icons/Items/Drawing/TrinketBand,@TrinketBand_GroupName,
TrinketSetting,Icons/Items/Drawing/TrinketSetting,@TrinketSetting_GroupName,
TrinketChain,Icons/Items/Drawing/TrinketChain,@TrinketChain_GroupName,
TrinketHook,Icons/Items/Drawing/TrinketHook,@TrinketHook_GroupName,
TrinketComponents,,@TrinketComponents_GroupName,
TrinketBandT2,Icons/Items/Drawing/TrinketBand,@TrinketBandT2_GroupName,
TrinketBandT3,Icons/Items/Drawing/TrinketBand,@TrinketBandT3_GroupName,
TrinketBandT4,Icons/Items/Drawing/TrinketBand,@TrinketBandT4_GroupName,
TrinketBandT5,Icons/Items/Drawing/TrinketBand,@TrinketBandT5_GroupName,
TrinketChainT2,Icons/Items/Drawing/TrinketChain,@TrinketChainT2_GroupName,
TrinketChainT3,Icons/Items/Drawing/TrinketChain,@TrinketChainT3_GroupName,
TrinketChainT4,Icons/Items/Drawing/TrinketChain,@TrinketChainT4_GroupName,
TrinketChainT5,Icons/Items/Drawing/TrinketChain,@TrinketChainT5_GroupName,
TrinketHookT2,Icons/Items/Drawing/TrinketHook,@TrinketHookT2_GroupName,
TrinketHookT3,Icons/Items/Drawing/TrinketHook,@TrinketHookT3_GroupName,
TrinketHookT4,Icons/Items/Drawing/TrinketHook,@TrinketHookT4_GroupName,
TrinketHookT5,Icons/Items/Drawing/TrinketHook,@TrinketHookT5_GroupName,
Books,,@Books_GroupName,
DungeonReplicas,,@DungeonReplicas_GroupName,
DungeonReps1,,@DungeonReps1_GroupName,
DungeonReps2,,@DungeonReps2_GroupName,
DungeonReps3,,@DungeonReps3_GroupName,
DungeonReps4,,@DungeonReps4_GroupName,
DungeonReps5,,@DungeonReps5_GroupName,
DungeonReps6,,@DungeonReps6_GroupName,
DungeonReps7,,@DungeonReps7_GroupName,
DungeonReps8,,@DungeonReps8_GroupName,
DungeonReps9,,@DungeonReps9_GroupName,
DungeonReps10,,@DungeonReps10_GroupName,
FoodComponents,,@FoodComponents_GroupName,
Keys,,@KeyParts_GroupName,
KeyParts,,@Keys_GroupName,
CorruptedRefining,,@Refining_GroupName,
CorruptedRefinement,,@CorruptedRefinement_GroupName,
Faction,,@Faction_GroupName,
PvPStatSwap,,@PvPStatSwap_GroupName,
RecipeFurnishing,,@RecipeFurnishing_GroupName,
CraftingPatterns,,@CraftingPatterns_GroupName,
Tokens,,@Tokens_GroupName,
TokenCreation,,@TokenCreation_GroupName,
TokenConversion,,@TokenConversion_GroupName,
Pattern,,@Pattern,
PatternRecipes,,@PatternRecipes,
Lodestone,,@Lodestone,
GypsumRefining,,@GypsumRefining_GroupName,
GypsumCasting,,@GypsumCasting_GroupName,
GypsumRaw,,@GypsumRaw_GroupName,
GypsumCasts,,@GypsumCasts_GroupName,
GypsumAttunement,,@GypsumAttunement_GroupName,
AttributeStr,,@AttributeStr,
AttributeDex,,@AttributeDex,
AttributeInt,,@AttributeInt,
AttributeFoc,,@AttributeFoc,
AttributeCon,,@AttributeCon,
TimelessShardsStr,,@TimelessShardsStr,
TimelessShardsDex,,@TimelessShardsDex,
TimelessShardsInt,,@TimelessShardsInt,
TimelessShardsFoc,,@TimelessShardsFoc,
TimelessShardsCon,,@TimelessShardsCon,
